<?xml version="1.0"?>
<data grt_format="2.0">
  <value _ptr_="000001CFDCBB2930" type="list" content-type="object" content-struct-name="db.mgmt.Connection">
    <value type="object" struct-name="db.mgmt.Connection" id="{BC8E3701-D69A-4D88-8489-07F1E2FD44F0}" struct-checksum="0x96ba47d8">
      <link type="object" struct-name="db.mgmt.Driver" key="driver">com.mysql.rdbms.mysql.driver.native</link>
      <value type="string" key="hostIdentifier">Mysql@127.0.0.1:3306</value>
      <value type="int" key="isDefault">0</value>
      <value _ptr_="000001CFDA64E7B0" type="dict" key="modules"/>
      <value _ptr_="000001CFDA64E210" type="dict" key="parameterValues">
        <value type="string" key=""></value>
        <value type="string" key="SQL_MODE"></value>
        <value type="string" key="hostName">127.0.0.1</value>
        <value type="int" key="lastConnected">1741791464</value>
        <value type="string" key="password"></value>
        <value type="int" key="port">3306</value>
        <value type="string" key="schema"></value>
        <value type="string" key="serverVersion">8.0.40</value>
        <value type="string" key="sslCA"></value>
        <value type="string" key="sslCert"></value>
        <value type="string" key="sslCipher"></value>
        <value type="string" key="sslKey"></value>
        <value type="int" key="useSSL">1</value>
        <value type="string" key="userName">root</value>
      </value>
      <value type="string" key="name">KAPPS DEV root</value>
      <link type="object" struct-name="GrtObject" key="owner">{E3857C68-5D79-416C-AAF7-D48BD304ED29}</link>
    </value>
    <value type="object" struct-name="db.mgmt.Connection" id="{5C172B56-4C1A-4830-863F-75A4A2B54939}" struct-checksum="0x96ba47d8">
      <link type="object" struct-name="db.mgmt.Driver" key="driver">com.mysql.rdbms.mysql.driver.native_sshtun</link>
      <value type="string" key="hostIdentifier">Mysql@127.0.0.1:3306@97.74.207.118</value>
      <value type="int" key="isDefault">1</value>
      <value _ptr_="000001CFDA64F4D0" type="dict" key="modules"/>
      <value _ptr_="000001CFDA64E570" type="dict" key="parameterValues">
        <value type="string" key=""></value>
        <value type="string" key="DbSqlEditor:LastDefaultSchema">tx</value>
        <value type="string" key="SQL_MODE"></value>
        <value type="string" key="hostName">127.0.0.1</value>
        <value type="int" key="lastConnected">1741839927</value>
        <value type="string" key="password"></value>
        <value type="int" key="port">3306</value>
        <value type="string" key="schema">tx</value>
        <value type="string" key="serverVersion">10.6.21-MariaDB-cll-lve</value>
        <value type="int" key="sshCompressionLevel">0</value>
        <value type="string" key="sshHost">97.74.207.118</value>
        <value type="string" key="sshKeyFile"></value>
        <value type="string" key="sshPassword"></value>
        <value type="string" key="sshUserName">m12a6unbqzl7</value>
        <value type="string" key="sslCA"></value>
        <value type="string" key="sslCert"></value>
        <value type="string" key="sslCipher"></value>
        <value type="string" key="sslKey"></value>
        <value type="int" key="useSSL">1</value>
        <value type="string" key="userName">tx_usuario</value>
      </value>
      <value type="string" key="name">KAPPs PROD TX</value>
      <link type="object" struct-name="GrtObject" key="owner">{E3857C68-5D79-416C-AAF7-D48BD304ED29}</link>
    </value>
    <value type="object" struct-name="db.mgmt.Connection" id="{4528ADA7-9409-4D7D-AA44-DE1A944EBC17}" struct-checksum="0x96ba47d8">
      <link type="object" struct-name="db.mgmt.Driver" key="driver">com.mysql.rdbms.mysql.driver.native_sshtun</link>
      <value type="string" key="hostIdentifier">Mysql@127.0.0.1:3306@97.74.207.118</value>
      <value type="int" key="isDefault">0</value>
      <value _ptr_="000001CFDA64EC30" type="dict" key="modules"/>
      <value _ptr_="000001CFDA64EDB0" type="dict" key="parameterValues">
        <value type="string" key=""></value>
        <value type="string" key="DbSqlEditor:LastDefaultSchema">etga</value>
        <value type="string" key="SQL_MODE"></value>
        <value type="string" key="hostName">127.0.0.1</value>
        <value type="int" key="lastConnected">1741839685</value>
        <value type="string" key="password"></value>
        <value type="int" key="port">3306</value>
        <value type="string" key="schema"></value>
        <value type="string" key="serverVersion">10.6.21-MariaDB-cll-lve</value>
        <value type="int" key="sshCompressionLevel">0</value>
        <value type="string" key="sshHost">97.74.207.118</value>
        <value type="string" key="sshKeyFile"></value>
        <value type="string" key="sshPassword"></value>
        <value type="string" key="sshUserName">m12a6unbqzl7</value>
        <value type="string" key="sslCA"></value>
        <value type="string" key="sslCert"></value>
        <value type="string" key="sslCipher"></value>
        <value type="string" key="sslKey"></value>
        <value type="int" key="useSSL">1</value>
        <value type="string" key="userName">etga_usuario1</value>
      </value>
      <value type="string" key="name">KAPPs PROD etga_usuario1</value>
      <link type="object" struct-name="GrtObject" key="owner">{E3857C68-5D79-416C-AAF7-D48BD304ED29}</link>
    </value>
    <value type="object" struct-name="db.mgmt.Connection" id="{9A4901FC-04C4-427B-9C1E-AE2903037472}" struct-checksum="0x96ba47d8">
      <link type="object" struct-name="db.mgmt.Driver" key="driver">com.mysql.rdbms.mysql.driver.native</link>
      <value type="string" key="hostIdentifier">Mysql@localhost:3306</value>
      <value type="int" key="isDefault">0</value>
      <value _ptr_="000001CFDA64F470" type="dict" key="modules"/>
      <value _ptr_="000001CFDA64F650" type="dict" key="parameterValues">
        <value type="string" key=""></value>
        <value type="string" key="SQL_MODE"></value>
        <value type="string" key="hostName">localhost</value>
        <value type="int" key="lastConnected">1733590966</value>
        <value type="string" key="password"></value>
        <value type="int" key="port">3306</value>
        <value type="string" key="schema"></value>
        <value type="string" key="serverVersion">10.6.20-MariaDB</value>
        <value type="string" key="sslCA"></value>
        <value type="string" key="sslCert"></value>
        <value type="string" key="sslCipher"></value>
        <value type="string" key="sslKey"></value>
        <value type="int" key="useSSL">1</value>
        <value type="string" key="userName">etga_usuario1</value>
      </value>
      <value type="string" key="name">KAPPS DEV ETGA etga_usuario1</value>
      <link type="object" struct-name="GrtObject" key="owner">{E3857C68-5D79-416C-AAF7-D48BD304ED29}</link>
    </value>
  </value>
</data>
