<?xml version="1.0"?>
<data grt_format="2.0">
  <value _ptr_="000001CFDCBB29A0" type="list" content-type="object" content-struct-name="db.mgmt.ServerInstance">
    <value type="object" struct-name="db.mgmt.ServerInstance" id="{88E1F118-F224-4411-A645-E349091866DC}" struct-checksum="0x367436e2">
      <link type="object" struct-name="db.mgmt.Connection" key="connection">{4528ADA7-9409-4D7D-AA44-DE1A944EBC17}</link>
      <value _ptr_="000001CFDA5413B0" type="dict" key="loginInfo"/>
      <value _ptr_="000001CFDA542C70" type="dict" key="serverInfo">
        <value type="int" key="setupPending">0</value>
        <value type="string" key="sys.sudo"></value>
      </value>
      <value type="string" key="name">KAPPs PROD etga_usuario1</value>
    </value>
    <value type="object" struct-name="db.mgmt.ServerInstance" id="{C8F7FFC7-ADA2-4845-A4BC-3D7C7A72D2E7}" struct-checksum="0x367436e2">
      <link type="object" struct-name="db.mgmt.Connection" key="connection">{BC8E3701-D69A-4D88-8489-07F1E2FD44F0}</link>
      <value _ptr_="000001CFDA542190" type="dict" key="loginInfo">
        <value type="string" key="ssh.hostName"></value>
        <value type="string" key="ssh.key">C:\Users\kenny\AppData\Roaming/.ssh/ssh_private_key</value>
        <value type="string" key="ssh.localPort">3306</value>
        <value type="int" key="ssh.useKey">0</value>
        <value type="string" key="ssh.userName">mysql</value>
      </value>
      <value _ptr_="000001CFDA541F50" type="dict" key="serverInfo">
        <value type="int" key="setupPending">0</value>
        <value type="string" key="sys.sudo"></value>
        <value type="int" key="windowsAdmin">1</value>
      </value>
      <value type="string" key="name">KAPPS DEV root</value>
    </value>
    <value type="object" struct-name="db.mgmt.ServerInstance" id="{03D37AB7-E8B0-4E7D-9F05-9E7B09B9075B}" struct-checksum="0x367436e2">
      <link type="object" struct-name="db.mgmt.Connection" key="connection">{9A4901FC-04C4-427B-9C1E-AE2903037472}</link>
      <value _ptr_="000001CFDA542B50" type="dict" key="loginInfo">
        <value type="string" key="ssh.hostName"></value>
        <value type="string" key="ssh.key">C:\Users\kenny\AppData\Roaming/.ssh/ssh_private_key</value>
        <value type="string" key="ssh.localPort">3306</value>
        <value type="int" key="ssh.useKey">0</value>
        <value type="string" key="ssh.userName">mysql</value>
      </value>
      <value _ptr_="000001CFDA5428B0" type="dict" key="serverInfo">
        <value type="int" key="setupPending">0</value>
        <value type="string" key="sys.sudo"></value>
        <value type="int" key="windowsAdmin">1</value>
      </value>
      <value type="string" key="name">KAPPS DEV ETGA etga_usuario1</value>
    </value>
    <value type="object" struct-name="db.mgmt.ServerInstance" id="{0B03D068-CC21-4E08-911F-A706042E1607}" struct-checksum="0x367436e2">
      <link type="object" struct-name="db.mgmt.Connection" key="connection">{5C172B56-4C1A-4830-863F-75A4A2B54939}</link>
      <value _ptr_="000001CFDA542550" type="dict" key="loginInfo"/>
      <value _ptr_="000001CFDA541FB0" type="dict" key="serverInfo">
        <value type="int" key="setupPending">0</value>
        <value type="string" key="sys.sudo"></value>
      </value>
      <value type="string" key="name">KAPPs PROD TX</value>
    </value>
  </value>
</data>
