<?xml version="1.0"?>
<data grt_format="2.0">
  <value _ptr_="000001D9FB999E00" type="list" content-type="object" content-struct-name="db.mgmt.Connection">
    <value type="object" struct-name="db.mgmt.Connection" id="{4528ADA7-9409-4D7D-AA44-DE1A944EBC17}" struct-checksum="0x96ba47d8">
      <link type="object" struct-name="db.mgmt.Driver" key="driver">com.mysql.rdbms.mysql.driver.native_sshtun</link>
      <value type="string" key="hostIdentifier">Mysql@127.0.0.1:3306@97.74.207.118</value>
      <value type="int" key="isDefault">0</value>
      <value _ptr_="000001D9FBAC43D0" type="dict" key="modules"/>
      <value _ptr_="000001D9FBAC4970" type="dict" key="parameterValues">
        <value type="string" key="SQL_MODE"></value>
        <value type="string" key="hostName">127.0.0.1</value>
        <value type="int" key="lastConnected">1673818539</value>
        <value type="string" key="password"></value>
        <value type="int" key="port">3306</value>
        <value type="string" key="schema"></value>
        <value type="string" key="serverVersion">5.7.40-cll-lve</value>
        <value type="int" key="sshCompressionLevel">0</value>
        <value type="string" key="sshHost">97.74.207.118</value>
        <value type="string" key="sshKeyFile"></value>
        <value type="string" key="sshPassword"></value>
        <value type="string" key="sshUserName">m12a6unbqzl7</value>
        <value type="string" key="sslCA"></value>
        <value type="string" key="sslCert"></value>
        <value type="string" key="sslCipher"></value>
        <value type="string" key="sslKey"></value>
        <value type="int" key="useSSL">1</value>
        <value type="string" key="userName">etga_usuario1_p</value>
      </value>
      <value type="string" key="name">KAPPs Pruebas</value>
      <link type="object" struct-name="GrtObject" key="owner">{FB4ED118-9F5D-46DB-A317-A67244A254F2}</link>
    </value>
    <value type="object" struct-name="db.mgmt.Connection" id="{BC8E3701-D69A-4D88-8489-07F1E2FD44F0}" struct-checksum="0x96ba47d8">
      <link type="object" struct-name="db.mgmt.Driver" key="driver">com.mysql.rdbms.mysql.driver.native</link>
      <value type="string" key="hostIdentifier">Mysql@127.0.0.1:3306</value>
      <value type="int" key="isDefault">0</value>
      <value _ptr_="000001D9FBAC4FD0" type="dict" key="modules"/>
      <value _ptr_="000001D9FBAC50F0" type="dict" key="parameterValues">
        <value type="string" key="SQL_MODE"></value>
        <value type="string" key="hostName">127.0.0.1</value>
        <value type="int" key="lastConnected">1686181743</value>
        <value type="string" key="password"></value>
        <value type="int" key="port">3306</value>
        <value type="string" key="schema"></value>
        <value type="string" key="serverVersion">5.7.40</value>
        <value type="string" key="sslCA"></value>
        <value type="string" key="sslCert"></value>
        <value type="string" key="sslCipher"></value>
        <value type="string" key="sslKey"></value>
        <value type="int" key="useSSL">1</value>
        <value type="string" key="userName">root</value>
      </value>
      <value type="string" key="name">KAPPS DEV Lpcal</value>
      <link type="object" struct-name="GrtObject" key="owner">{FB4ED118-9F5D-46DB-A317-A67244A254F2}</link>
    </value>
    <value type="object" struct-name="db.mgmt.Connection" id="{59DF53F7-0B88-4910-9BA7-C06B5C8FA94E}" struct-checksum="0x96ba47d8">
      <link type="object" struct-name="db.mgmt.Driver" key="driver">com.mysql.rdbms.mysql.driver.native_sshtun</link>
      <value type="string" key="hostIdentifier">Mysql@127.0.0.1:3306@97.74.207.118</value>
      <value type="int" key="isDefault">1</value>
      <value _ptr_="000001D9FBAC3D70" type="dict" key="modules"/>
      <value _ptr_="000001D9FBAC4430" type="dict" key="parameterValues">
        <value type="string" key="SQL_MODE"></value>
        <value type="string" key="hostName">127.0.0.1</value>
        <value type="int" key="lastConnected">1673880045</value>
        <value type="string" key="password"></value>
        <value type="int" key="port">3306</value>
        <value type="string" key="schema"></value>
        <value type="string" key="serverVersion">5.7.40-cll-lve</value>
        <value type="int" key="sshCompressionLevel">0</value>
        <value type="string" key="sshHost">97.74.207.118</value>
        <value type="string" key="sshKeyFile"></value>
        <value type="string" key="sshPassword"></value>
        <value type="string" key="sshUserName">m12a6unbqzl7</value>
        <value type="string" key="sslCA"></value>
        <value type="string" key="sslCert"></value>
        <value type="string" key="sslCipher"></value>
        <value type="string" key="sslKey"></value>
        <value type="int" key="useSSL">1</value>
        <value type="string" key="userName">etga_usuario1</value>
      </value>
      <value type="string" key="name">KAPPs ETGA PROD</value>
      <link type="object" struct-name="GrtObject" key="owner">{FB4ED118-9F5D-46DB-A317-A67244A254F2}</link>
    </value>
  </value>
</data>
