<?xml version="1.0"?>
<data grt_format="2.0">
  <value _ptr_="000001D9FB999620" type="list" content-type="object" content-struct-name="db.mgmt.ServerInstance">
    <value type="object" struct-name="db.mgmt.ServerInstance" id="{432C8CFB-628C-485E-9C21-A9C726203174}" struct-checksum="0x367436e2">
      <link type="object" struct-name="db.mgmt.Connection" key="connection">{4528ADA7-9409-4D7D-AA44-DE1A944EBC17}</link>
      <value _ptr_="000001D9FBE5F1B0" type="dict" key="loginInfo"/>
      <value _ptr_="000001D9FBE602F0" type="dict" key="serverInfo">
        <value type="int" key="setupPending">0</value>
        <value type="string" key="sys.sudo"></value>
      </value>
      <value type="string" key="name">KAPPs Pruebas</value>
    </value>
    <value type="object" struct-name="db.mgmt.ServerInstance" id="{79910097-515B-4C23-8DAF-35E81F2A6C3E}" struct-checksum="0x367436e2">
      <link type="object" struct-name="db.mgmt.Connection" key="connection">{BC8E3701-D69A-4D88-8489-07F1E2FD44F0}</link>
      <value _ptr_="000001D9FBE5F390" type="dict" key="loginInfo">
        <value type="string" key="ssh.hostName"></value>
        <value type="string" key="ssh.key">C:\Users\kenny\AppData\Roaming/.ssh/ssh_private_key</value>
        <value type="string" key="ssh.localPort">3306</value>
        <value type="int" key="ssh.useKey">0</value>
        <value type="string" key="ssh.userName">mysql</value>
      </value>
      <value _ptr_="000001D9FBE5F450" type="dict" key="serverInfo">
        <value type="int" key="setupPending">0</value>
        <value type="string" key="sys.sudo"></value>
        <value type="int" key="windowsAdmin">1</value>
      </value>
      <value type="string" key="name">KAPPS DEV Lpcal</value>
    </value>
    <value type="object" struct-name="db.mgmt.ServerInstance" id="{C1FE4B1D-6931-4D8B-B788-8175B449C5A0}" struct-checksum="0x367436e2">
      <link type="object" struct-name="db.mgmt.Connection" key="connection">{59DF53F7-0B88-4910-9BA7-C06B5C8FA94E}</link>
      <value _ptr_="000001D9FBE5F5D0" type="dict" key="loginInfo"/>
      <value _ptr_="000001D9FBE5FA50" type="dict" key="serverInfo">
        <value type="int" key="setupPending">0</value>
        <value type="string" key="sys.sudo"></value>
      </value>
      <value type="string" key="name">KAPPs ETGA PROD</value>
    </value>
  </value>
</data>
