<?xml version="1.0"?>
<data grt_format="2.0">
  <value _ptr_="000001D49829B260" type="list" content-type="object" content-struct-name="db.mgmt.Connection">
    <value type="object" struct-name="db.mgmt.Connection" id="{40E56158-A53B-4E5A-9EF2-9400C5BE78B2}" struct-checksum="0x96ba47d8">
      <link type="object" struct-name="db.mgmt.Driver" key="driver">com.mysql.rdbms.mysql.driver.native</link>
      <value type="string" key="hostIdentifier">Mysql@127.0.0.1:3306</value>
      <value type="int" key="isDefault">1</value>
      <value _ptr_="000001D49B584A10" type="dict" key="modules"/>
      <value _ptr_="000001D49B583C30" type="dict" key="parameterValues">
        <value type="string" key="SQL_MODE"></value>
        <value type="string" key="hostName">127.0.0.1</value>
        <value type="string" key="password"></value>
        <value type="int" key="port">3306</value>
        <value type="string" key="schema"></value>
        <value type="string" key="sslCA"></value>
        <value type="string" key="sslCert"></value>
        <value type="string" key="sslCipher"></value>
        <value type="string" key="sslKey"></value>
        <value type="int" key="useSSL">1</value>
        <value type="string" key="userName">root</value>
      </value>
      <value type="string" key="name">KAPPSdev</value>
      <link type="object" struct-name="GrtObject" key="owner">{CCE15C91-6A7C-4F80-BC00-5B90741C34A5}</link>
    </value>
  </value>
</data>
