<?xml version="1.0"?>
<data grt_format="2.0">
  <value _ptr_="000001D49829C8B0" type="list" content-type="object" content-struct-name="db.mgmt.ServerInstance">
    <value type="object" struct-name="db.mgmt.ServerInstance" id="{B1B2B4DC-1419-44F4-B82F-4AD4F285BC20}" struct-checksum="0x367436e2">
      <link type="object" struct-name="db.mgmt.Connection" key="connection">{870F9123-DC03-4EBF-B544-3E4B9733A41B}</link>
      <value _ptr_="000001D49ACE4130" type="dict" key="loginInfo">
        <value type="string" key="ssh.hostName"></value>
        <value type="string" key="ssh.key">C:\Users\Kenny\AppData\Roaming/.ssh/ssh_private_key</value>
        <value type="string" key="ssh.localPort">3306</value>
        <value type="int" key="ssh.useKey">0</value>
        <value type="string" key="ssh.userName">mysql</value>
      </value>
      <value _ptr_="000001D49ACE4730" type="dict" key="serverInfo">
        <value type="int" key="setupPending">1</value>
        <value type="int" key="windowsAdmin">1</value>
      </value>
      <value type="string" key="name"></value>
      <link type="object" struct-name="GrtObject" key="owner">{CCE15C91-6A7C-4F80-BC00-5B90741C34A5}</link>
    </value>
    <value type="object" struct-name="db.mgmt.ServerInstance" id="{4B8F7FF9-5A88-49B3-A07D-F494B4C4F362}" struct-checksum="0x367436e2">
      <link type="object" struct-name="db.mgmt.Connection" key="connection">{40E56158-A53B-4E5A-9EF2-9400C5BE78B2}</link>
      <value _ptr_="000001D49B573770" type="dict" key="loginInfo">
        <value type="string" key="ssh.hostName"></value>
        <value type="string" key="ssh.key">C:\Users\Kenny\AppData\Roaming/.ssh/ssh_private_key</value>
        <value type="string" key="ssh.localPort">3306</value>
        <value type="int" key="ssh.useKey">0</value>
        <value type="string" key="ssh.userName">mysql</value>
      </value>
      <value _ptr_="000001D49B573E30" type="dict" key="serverInfo">
        <value type="int" key="setupPending">0</value>
        <value type="string" key="sys.sudo"></value>
        <value type="int" key="windowsAdmin">1</value>
      </value>
      <value type="string" key="name">KAPPSdev</value>
      <link type="object" struct-name="GrtObject" key="owner">{CCE15C91-6A7C-4F80-BC00-5B90741C34A5}</link>
    </value>
  </value>
</data>
